,pdb,cc_cov,chains,cc_sequence,full_sequence,full_seq_corr,cc_seq_corr,parallel,oligo_state,oligo_pred,prob_dimer,prob_trimer,prob_tetramer,parallel_pred,prob_parallel,prob_antiparallel
0,3e7k,0.8518518518518519,4,TFERVEQMSIQIKEVGDRVNYIKRSLQSLDSQIGHLQDLSALTVDT,SRVTFERVEQMSIQIKEVGDRVNYIKRSLQSLDSQIGHLQDLSALTVDTLKT,True,False,0,2,2,0.0003406961551176761,0.2716315422311618,0.7280277616137206,0,0.9656823182121128,0.034317681787887154
1,1use,0.55,4,YSDLQRVKQELLEEVKKELQKV,SSDYSDLQRVKQELLEEVKKELQKVKEEIIEAFVQELRKR,False,False,1,2,2,0.057595016209596284,0.3509665462964494,0.5914384374939543,0,0.6112606391041749,0.38873936089582506
2,6us8,0.8260869565217391,4,LVVAASIIGILHLILWILD,DPLVVAASIIGILHLILWILDRL,True,False,1,2,2,0.1801089348308751,0.005861234847049658,0.8140298303220753,1,0.19034487122116978,0.8096551287788303
3,5kht,0.8936170212765957,2,DAIKKKMQMLKLDKENALDRAEQAEADNYHLENEVARLKKL,GMDAIKKKMQMLKLDKENALDRAEQAEADNYHLENEVARLKKLVGER,False,True,1,0,0,0.8926601639393146,0.10713133344478765,0.0002085026158976576,1,0.013851368024536103,0.986148631975464
4,5c9n,0.671875,2,CSWEEAQLSSQLYRNKQLQDTLVQKEEELARLHEENNHLRQYL,LPDLCSWEEAQLSSQLYRNKQLQDTLVQKEEELARLHEENNHLRQYLNSALVKCEEEKAKK,True,False,1,0,0,0.9933303770739237,0.0032421299347795106,0.0034274929912969446,1,0.06665335226937823,0.9333466477306217
5,1c94,0.6756756756756757,2,LKKLRAVENELHYNKSLLEEVKDE,GGREGVLKKLRAVENELHYNKSLLEEVKDELQKMRQL,False,True,1,0,0,0.7325389171788647,0.2649917998421073,0.00246928297902798,1,0.0011514820538992333,0.9988485179461009
6,3a2a,0.8780487804878049,2,LLRLKQMNVQLAAKIQHLEFSCSEKEQEIERLNKLL,RQLLRLKQMNVQLAAKIQHLEFSCSEKEQEIERLNKLLRQH,False,False,1,0,0,0.9932133167945624,0.0012289549694097124,0.005557728236027878,1,0.0038747027141291523,0.996125297285871
7,7bji,0.8292682926829268,2,YKTENARLVKENNEMHLGLLKLREEKDRISRELKAYIRKLDHETSDLKFLNNQYVQKVRSLEKDSNGK,NVDAILEPYKTENARLVKENNEMHLGLLKLREEKDRISRELKAYIRKLDHETSDLKFLNNQYVQKVRSLEKDSNGKTERI,True,False,1,0,0,0.9962462276718635,0.0010367316070484362,0.0027170407210879784,1,0.0014827941619952156,0.9985172058380047
8,3bj4,0.8918918918918919,4,IGARLNRVEDKVTQLDQRLALITDMLHQLLSLH,SNTIGARLNRVEDKVTQLDQRLALITDMLHQLLSLHG,True,False,1,2,2,0.00023609287493271187,0.3179112911548668,0.6818526159702004,1,0.00905207973523441,0.9909479202647656
9,4w80,0.59375,4,EDQEKLKTELRKTSDALSKAQNDVMEMKMQSERLSK,ECVLEAENKKLVEDQEKLKTELRKTSDALSKAQNDVMEMKMQSERLSKEYDQLLKEHS,True,True,0,2,2,0.1621064323923276,0.28440287257798874,0.5534906950296836,0,0.5092157426392723,0.4907842573607276
10,3w8v,0.90625,3,VARLEKKVSALEKKVAGLEKEVARLKKLV,RVARLEKKVSALEKKVAGLEKEVARLKKLVGE,False,False,1,1,1,7.744857373077519e-05,0.9999225388513576,1.2574911708296476e-08,1,1.0722736962787138e-07,0.9999998927726302
11,5k9l,0.9101123595505618,2,LRAELRDLELEEARLVQELEDVDRNLARAAADLQAAQAEAAELDQQERQHYRDYSALKRQQLELLDQLGNVENQLQYARVQ,EAAALRAELRDLELEEARLVQELEDVDRNLARAAADLQAAQAEAAELDQQERQHYRDYSALKRQQLELLDQLGNVENQLQYARVQRDRL,True,False,0,0,0,0.9976893429070623,0.00015765683539548775,0.0021530002575421733,0,0.9704660874779144,0.029533912522085638
12,5k92,0.8620689655172414,3,WEALEKKLAALESKCQALEKKLEAL,EWEALEKKLAALESKCQALEKKLEALEHG,False,False,1,1,1,0.04027542163033634,0.9466810578659356,0.013043520503728073,1,0.03191575499500339,0.9680842450049966
13,6osd,0.7575757575757575,3,VEALEKKVEALEFKVQKLEKKVEAL,EVEALEKKVEALEFKVQKLEKKVEALEHGWDGR,False,False,1,1,1,4.615463137566733e-05,0.9998750434214214,7.880194720291865e-05,1,0.0014096322124326876,0.9985903677875673
14,1jcd,0.84,3,DQASSDAQTANAKADQASNDANAARSDAQAAKDDAARANQR,NAKADQASSDAQTANAKADQASNDANAARSDAQAAKDDAARANQRADNAA,True,True,1,1,1,0.0001135627021354543,0.99450903382959,0.005377403468274519,1,0.0006401222000270046,0.9993598777999729
15,1jcc,0.7200000000000001,3,AQTANAKADQASNDANAARSDAQAAKDDAARANQR,SSNAKIDQLSSDAQTANAKADQASNDANAARSDAQAAKDDAARANQRLDNM,True,True,1,1,1,0.000917042153656297,0.9988869992202621,0.0001959586260815781,1,0.00022078304240757962,0.9997792169575925
16,1zik,0.8333333333333334,2,MKQLEDKVEELLSKKYHLENEVARL,RMKQLEDKVEELLSKKYHLENEVARLKKLV,False,False,1,0,0,0.8839838900524544,0.01696887296610345,0.09904723698144222,1,0.07793285933810301,0.9220671406618971
17,1zil,0.8333333333333334,2,MKQLEDKVEELLSKQYHLENEVARL,RMKQLEDKVEELLSKQYHLENEVARLKKLV,False,False,1,0,0,0.8509290091198078,0.015337239955695811,0.13373375092449638,1,0.18629502380449997,0.8137049761955002
18,1zim,0.6875,3,LEDKVEELLSKQYHLENEVARL,RMKQLEDKVEELLSKQYHLENEVARLKKLVGE,False,False,1,1,0,0.48461448145008806,0.23644834407998894,0.278937174469923,1,0.15778153470049555,0.8422184652995044
19,4zxq,0.6785714285714285,3,VGAIAGKANEAGQGAYDAQVKNDEQDVELADHEARIKQLRIDVDDHESRITANTKAITALNVRVTTAEGEIASLQTNVSALDGRVTTAENNISAL,MADPSLNNPVVIQATRLDASILPRNVFSKSYLLYVIAQGTDVGAIAGKANEAGQGAYDAQVKNDEQDVELADHEARIKQLRIDVDDHESRITANTKAITALNVRVTTAEGEIASLQTNVSALDGRVTTAENNISALQADY,False,False,1,1,1,0.10268703029046396,0.8972688254895619,4.4144219974122186e-05,1,0.11593406260585948,0.8840659373941406
20,6u47,0.7575757575757575,3,VEALEKKVEALEAKVQKLEKKVEAL,EVEALEKKVEALEAKVQKLEKKVEALEHGWDGR,False,False,1,1,1,1.753949047569971e-05,0.9999657990932571,1.66614162671988e-05,1,0.0011065241401363225,0.9988934758598637
21,1kfn,0.8867924528301887,3,SNAKIDQLSSDVQTLNAKVDQASNDANAARSDAQAAKDDAARANQRL,SSNAKIDQLSSDVQTLNAKVDQASNDANAARSDAQAAKDDAARANQRLDNMAT,False,False,1,1,1,0.00015210158103074145,0.9991729449202584,0.0006749534987109038,1,8.217904040808133e-05,0.999917820959592
22,1kfm,0.86,3,IDQLSSDVQTLNAKVDQLSNDVNAARSDAQAAKDDAARANQRL,SNAKIDQLSSDVQTLNAKVDQLSNDVNAARSDAQAAKDDAARANQRLDNM,False,False,1,1,1,1.0142058533419265e-05,0.9839140373070417,0.016075820634424955,1,0.02643110416966641,0.9735688958303337
23,6snz,0.8625,2,IKAAYEAELGDARKTLDSVAKERARLQLELSKVREEFKELKARNTKKEGDLIAAQARLKDLEALLNSKEAALSTALSEKRTLEGELHDLRGQVAKLEAALGEAKKQLQDEMLRRVDAENRLQTMKEELDFQKNIYSEE,GSESEEVVSREVSGIKAAYEAELGDARKTLDSVAKERARLQLELSKVREEFKELKARNTKKEGDLIAAQARLKDLEALLNSKEAALSTALSEKRTLEGELHDLRGQVAKLEAALGEAKKQLQDEMLRRVDAENRLQTMKEELDFQKNIYSEELRE,True,False,1,0,0,0.9412212908597057,0.05383667963480469,0.004942029505489512,1,0.3516841051187153,0.6483158948812846
24,2akf,0.8125,3,LEEDVRNLNAIVQKLQERLDRLEETV,VSRLEEDVRNLNAIVQKLQERLDRLEETVQAK,False,False,1,1,1,0.05551516411756304,0.9204878703633333,0.023996965519103537,1,0.29402777201868846,0.7059722279813115
25,2o7h,0.7878787878787877,3,LEDKVEELLSKNYHLENRVARLEKLV,MKQLEDKVEELLSKNYHLENRVARLEKLVG,True,False,1,1,1,0.1442163236213723,0.7995747652848969,0.05620891109373081,1,0.29053737031169546,0.7094626296883045
26,3q8t,0.925531914893617,2,SEQLQRELKELALEEERLIQELEDVEKNRKVVAENLEKVQAEAERLDQEEAQYQREYSEFKRQQLELDDELKSVENQMRYAQMQLDK,GSDSEQLQRELKELALEEERLIQELEDVEKNRKVVAENLEKVQAEAERLDQEEAQYQREYSEFKRQQLELDDELKSVENQMRYAQMQLDKLKK,True,False,0,0,0,0.9955967702198436,0.002778065843536128,0.001625163936620167,0,0.911083440525886,0.08891655947411414
27,3hro,0.7837837837837838,3,FQVLVRRVDRMEHSIGSIVSKIDAVIVKL,VSYEEFQVLVRRVDRMEHSIGSIVSKIDAVIVKLEIM,False,False,1,1,1,1.3576536609969616e-06,0.9151399305064205,0.08485871183991853,1,0.32234762510285775,0.6776523748971423
28,3hrn,0.5714285714285714,3,FQVLVRRVDRMEHSIGSIVSKIDAVIVKLEIMERAK,GVSYEEFQVLVRRVDRMEHSIGSIVSKIDAVIVKLEIMERAKLKRREVLGRLLDGVAEDERLG,False,False,1,1,1,0.0237139967608549,0.933749703222116,0.042536300017029155,0,0.5567588778774601,0.4432411221225399
29,3gjp,0.7142857142857143,3,MKQLEDKVEELLSKNYHLENEIARI,GSRMKQLEDKVEELLSKNYHLENEIARIKKLVGE,True,False,1,1,1,0.04278233385528977,0.9550434237070634,0.0021742424376467572,1,0.00480562869879948,0.9951943713012005
30,5vr2,0.86,2,LEAAYNNLLRDKSALEEEKRQLEQENEDLARRLESSSEEVTRL,RDLEAAYNNLLRDKSALEEEKRQLEQENEDLARRLESSSEEVTRLRRGQC,False,False,1,0,0,0.7356525761986715,0.26421665049723925,0.00013077330408913353,1,0.0004440449329370821,0.999555955067063
31,2r2v,0.6666666666666666,4,ADKLEEVASKLYHNANELARVA,KLKQVADKLEEVASKLYHNANELARVAKLLGE,True,False,0,2,2,0.12600522311307918,0.0016400945233498096,0.8723546823635709,0,0.9790789503752011,0.020921049624798793
32,6r2f,0.78125,2,KEINLMLSTYAKLLSERAAVDASYIDEIDELFKEANAIENALIQK,EKDLNDVSKEINLMLSTYAKLLSERAAVDASYIDEIDELFKEANAIENALIQKREELRQRFTAI,False,True,0,0,0,0.9294687102170031,0.059195861570078,0.011335428212919054,0,0.5876582743635798,0.41234172563642035
33,2wpz,0.935483870967742,3,MKQLEDKVEENLSKVYHNENEVARLKKLV,RMKQLEDKVEENLSKVYHNENEVARLKKLVG,True,False,1,1,1,0.3197760641985034,0.6557441772797822,0.02447975852171442,1,0.009776628413796761,0.9902233715862032
34,2wpy,0.90625,3,MKQLEDKVEELLSKVYHNENEVARLKKLV,RMKQLEDKVEELLSKVYHNENEVARLKKLVGE,False,False,1,1,1,0.12025188016967539,0.820140714212301,0.059607405618023676,1,0.02729268125087112,0.9727073187491289
35,2wpq,0.9292929292929294,3,IEDKIEEILSKIYHIENEIARIKKLIFDTNEKVDQNTADITTNTNSINQNTTDIATNTTNINNLSDSMKQIEDKIEEILSKIYHIENEIARI,MKQIEDKIEEILSKIYHIENEIARIKKLIFDTNEKVDQNTADITTNTNSINQNTTDIATNTTNINNLSDSMKQIEDKIEEILSKIYHIENEIARIKKLI,False,False,1,1,1,0.01610173706099543,0.9837576284381653,0.0001406345008392327,1,0.0032101425916817973,0.996789857408318
36,1no4,0.5194805194805194,2,LRVNYGSFVSEYNDLTKSHEKLAAEKDDLIVSNSKLFRQI,PLKPEEHEDILNKLLDPELAQSERTEALQQLRVNYGSFVSEYNDLTKSHEKLAAEKDDLIVSNSKLFRQIGLTEK,True,False,1,0,0,0.9849456547859112,0.010682686345801875,0.004371658868286926,1,0.10224748258711662,0.8977525174128834
37,6ytu,0.7058823529411765,2,IANLERWVKREMHVWREVFYRLER,QETIANLERWVKREMHVWREVFYRLERWADRLE,True,False,0,0,0,0.8359099351779878,0.0904112558595871,0.07367880896242492,0,0.7759085414947282,0.22409145850527162
38,1w5l,0.875,4,MKQIEDKLEEILSKGYHICNELARIKKL,RMKQIEDKLEEILSKGYHICNELARIKKLLGE,True,False,1,2,2,0.01959880741252374,0.007668301555850203,0.972732891031626,1,0.04249744115183949,0.9575025588481605
39,1w5k,0.7272727272727273,4,IEDRLEEILSKLHHICNELARIRR,RMRQIEDRLEEILSKLHHICNELARIRRLLGER,False,False,0,2,2,0.06666901745945687,0.0001282292442193762,0.9332027532963239,0,0.9530862653373401,0.046913734662660085
40,1w5i,0.875,4,MKQIEDKLEEILSKLYHIENELARIKKL,RMKQIEDKLEEILSKLYHIENELARIKKLLGE,True,False,1,2,2,0.04049318120652114,0.001316425886161542,0.9581903929073172,1,0.22404322943920904,0.7759567705607909
41,1w5j,0.7272727272727273,4,IEDRLEEILSKLYHICNELARIRR,RMRQIEDRLEEILSKLYHICNELARIRRLLGER,False,False,0,2,2,0.04505281524989286,9.878209346095988e-05,0.9548484026566462,0,0.8848183885564973,0.11518161144350256
42,1w5h,0.7741935483870968,4,IEDKLEEILSKLHHICNELARIKK,MKQIEDKLEEILSKLHHICNELARIKKLLGE,False,False,0,2,2,0.14644624709484283,0.000690356272581513,0.8528633966325756,0,0.8731132334379963,0.12688676656200376
43,6c52,0.68,4,LEELRRKLQEAEHKAR,SKLEELRRKLQEAEHKARELQEKWG,False,True,0,2,2,0.00022451458045494324,0.48721905335280213,0.512556432066743,0,0.5757376105276094,0.42426238947239064
44,4j4a,0.5555555555555556,3,IKLRIMEIEARIAKI,LELIKLRIMEIEARIAKIEKDRAIL,True,False,1,1,1,0.0018922773854151969,0.8584173089061968,0.13969041370838794,1,4.744069674131879e-05,0.9999525593032587
45,5d3a,0.8414634146341463,2,MEADMNRLLKQREELTKRREKLSKRREKIVKENGEGDKNVANINEEMESLTANIDYINDSISDCQA,GSMTISNMEADMNRLLKQREELTKRREKLSKRREKIVKENGEGDKNVANINEEMESLTANIDYINDSISDCQANIMQMEEAK,False,True,0,0,0,0.8703132915573839,0.1285621420562539,0.0011245663863621341,0,0.9582292191122328,0.04177078088776708
46,4pxj,0.8035714285714286,2,LNVVKNDLIAKVDQLSGEQEVLRGELEAAKQAKVKLENRIKELEE,PEFTKNALNVVKNDLIAKVDQLSGEQEVLRGELEAAKQAKVKLENRIKELEEELKR,True,False,0,0,0,0.9739561351059116,0.0034225167353432737,0.022621348158745065,0,0.9906572223447302,0.009342777655269797
47,5et3,0.8,4,AESALEYAQQALEKAQLALQAARQ,AEAESALEYAQQALEKAQLALQAARQALKA,False,False,0,2,2,0.017408986443980458,0.0005580990865993883,0.9820329144694201,0,0.7823165803726878,0.21768341962731225
48,1hqj,0.8000000000000002,3,LERRIRELEARI,DELERRIRELEARIK,False,False,1,1,1,5.597230116414744e-06,0.8298218981089713,0.1701725046609123,1,1.298381248562297e-05,0.9999870161875144
49,2wq1,0.90625,3,MKQLEDKIEENTSKIYHNTNEIARNTKLV,RMKQLEDKIEENTSKIYHNTNEIARNTKLVGE,False,False,1,1,1,0.0008073546499168808,0.9853054049827215,0.013887240367361626,1,6.970357110041015e-05,0.9999302964288995
50,2wq0,0.8387096774193549,3,LEDKIEENTSKIYHNTNEIARNTKLV,MKQLEDKIEENTSKIYHNTNEIARNTKLVGE,False,False,1,1,1,0.00032433363223882726,0.9958923547738051,0.0037833115939559714,1,5.308807167425655e-06,0.9999946911928326
51,4hlr,0.7096774193548386,3,LQLTVWGLKQIQARILAVERYL,QQHLLQLTVWGLKQIQARILAVERYLKDQQL,False,False,1,1,1,0.4039169452299438,0.4677123486439476,0.1283707061261085,1,0.06593144535340703,0.9340685546465931
52,1wt6,0.8769230769230769,3,LRELQEALEEEVLTRQSLSREMEAIRTDNQNFASQLREAEARNRDLEAHVRQLQERM,EVTLRELQEALEEEVLTRQSLSREMEAIRTDNQNFASQLREAEARNRDLEAHVRQLQERMELL,True,False,1,1,1,0.11929386922671203,0.8802754658201282,0.0004306649531597781,1,0.07691717312768656,0.9230828268723134
53,4ypc,0.7228915662650602,3,RDNLAEDIMRLREKLQEEMLQREEAENTLQSFRQDVDNASLARLDLERKVESLQEEIAFL,VDQLTNDKARVEVERDNLAEDIMRLREKLQEEMLQREEAENTLQSFRQDVDNASLARLDLERKVESLQEEIAFLKKLHEEEIQ,False,False,1,1,1,0.12117810235141588,0.8780651625750305,0.0007567350735537063,1,0.003162576209560153,0.9968374237904399
54,6mjh,0.56,4,NIIGILHLILWILD,SSDPLVVAANIIGILHLILWILDRL,False,False,1,2,2,0.18976758186065126,0.014776675575972625,0.7954557425633761,1,0.14911396664719265,0.8508860333528073
55,4dme,0.8787878787878788,3,MKQLEDKVEELLSKNYHLENEVARLKKLV,RMKQLEDKVEELLSKNYHLENEVARLKKLVGER,False,False,1,1,0,0.6439572518814751,0.33688545746985943,0.019157290648665552,1,0.19163327265456104,0.8083667273454388
56,6wb3,0.5666666666666667,2,IREKDEELRRMQEMLHK,ETEKLIREKDEELRRMQEMLHKIQKQMKEN,False,False,0,0,0,0.9621783141183435,0.0012315368351050225,0.03659014904655142,0,0.8474148823551533,0.15258511764484678
57,6lvn,0.6470588235294118,4,VVNIQKEIDRLNEVAKNLNESL,SGINASVVNIQKEIDRLNEVAKNLNESLIDLQE,True,False,0,2,2,0.00014393691534603874,0.02455394359982041,0.9753021194848335,0,0.9871181820079453,0.012881817992054683
58,6gap,0.6330275229357798,3,LESRVSALEKTSQIHSDTILRITQGLDDANKRIIALEQSRDDLVASVSDAQLAISRLESSIGALQTVVNGLDSSVTQLGARVGQLETGLAELRVDHDNLVARVDTAERNIGSLTTELSTLTLRVTSIQADFESRISTL,GLESRVSALEKTSQIHSDTILRITQGLDDANKRIIALEQSRDDLVASVSDAQLAISRLESSIGALQTVVNGLDSSVTQLGARVGQLETGLAELRVDHDNLVARVDTAERNIGSLTTELSTLTLRVTSIQADFESRISTLERTAVTSAGAPLSIRNNRMTMGLNDGLTLSGNNLAIRLPGNTGLNIQNGGLQFRFNTDQFQIVNNNLTLKTTVF,True,False,1,1,1,0.005577559332523619,0.9936345028437328,0.000787937823743671,1,0.005880735336028864,0.9941192646639712
59,6gao,0.6502242152466368,3,IKKQVQVNVDDIRAANIKLDGLGRQIADISNSISTIESRLGEMDNRLVGISSQVTQLSNSVSQNTQSISSLGDRINAVEPRVDSLDTVTSNLTGRTSTLEADVGSLRTELAALTTRVTTEVTRLDGLINSGQNSIGELSTRLSNV,MEEIKKQVQVNVDDIRAANIKLDGLGRQIADISNSISTIESRLGEMDNRLVGISSQVTQLSNSVSQNTQSISSLGDRINAVEPRVDSLDTVTSNLTGRTSTLEADVGSLRTELAALTTRVTTEVTRLDGLINSGQNSIGELSTRLSNVETSMVTTAGRGLQKNGNTLNVIVGNGMWFNSSNQLQLDLSGQSKGVGFVGTGMVVKIDTNYFAYNSNGEITLV,True,False,1,1,1,0.0004356301670866967,0.9990816185373573,0.00048275129555598,1,0.0005358790177693251,0.9994641209822307
60,6gaj,0.9,3,IKKQVQVNVDDIRAANIKLDGLGRQIADISNSISTIESRLGEMDNRLVGISSQVTQLSNSVSQNTQSISSLGDRINAVEPRVDSLDTVTSNLTGRTSTLEADVGSLRTELAALTTRV,EEIKKQVQVNVDDIRAANIKLDGLGRQIADISNSISTIESRLGEMDNRLVGISSQVTQLSNSVSQNTQSISSLGDRINAVEPRVDSLDTVTSNLTGRTSTLEADVGSLRTELAALTTRVTTEVTRLDGLI,True,False,1,1,1,0.0023347529316479166,0.9969675688539198,0.0006976782144323195,1,3.2909757819110653e-06,0.999996709024218
61,1ij2,0.8333333333333334,3,MKQLEDKVEELLSKTYHLENEVARL,RMKQLEDKVEELLSKTYHLENEVARLKKLV,True,False,1,1,0,0.5802723750249806,0.22670605725415385,0.1930215677208655,1,0.23984495114053628,0.7601550488594637
62,1ij0,0.935483870967742,3,MKQLEDKVEESLSKVYHLENEVARLKKLV,RMKQLEDKVEESLSKVYHLENEVARLKKLVG,False,False,1,1,1,0.041735499781534555,0.9556651424151663,0.002599357803299022,1,0.007065025107444845,0.9929349748925551
63,1ij1,0.935483870967742,3,MKQLEDKVEETLSKVYHLENEVARLKKLV,RMKQLEDKVEETLSKVYHLENEVARLKKLVG,False,False,1,1,1,0.02222462980844375,0.9724104426809784,0.0053649275105777956,1,0.006827567952874714,0.9931724320471252
64,1ij3,0.78125,3,MKQLEDKVEELLSKSYHLENEVARL,RMKQLEDKVEELLSKSYHLENEVARLKKLVG,True,False,1,1,0,0.51685084887026,0.4094535263810627,0.0736956247486772,1,0.18272418607039606,0.8172758139296039
65,1gcl,0.5806451612903226,4,LEEILSKLYHIENELARI,RMKQIEDKLEEILSKLYHIENELARIKKLLG,False,False,1,2,2,0.0921710531987399,0.003047845026843164,0.904781101774417,1,0.4435653998610272,0.5564346001389728
66,1gcm,0.8064516129032256,3,MKQIEDKIEEILSKIYHIENEIARI,RMKQIEDKIEEILSKIYHIENEIARIKKLIG,True,False,1,1,1,0.0041386530736011624,0.8829924657923087,0.11286888113409028,1,0.4350574783498303,0.5649425216501698
67,5wll,0.6153846153846154,4,LRKILEDDARHVAELE,IEELLRKILEDDARHVAELEDIEKWL,False,False,0,2,2,7.528610994057037e-09,0.047526828388937445,0.9524731640824516,0,0.9999924328563627,7.567143637197048e-06
68,5wlk,0.6153846153846154,4,LRKIIEDEVRHIAELE,IEELLRKIIEDEVRHIAELEDIEKWL,False,False,0,2,2,2.976272427642656e-10,0.02210782113422475,0.9778921785681479,0,0.9984558711120226,0.0015441288879773593
69,5wlj,0.6538461538461539,4,LRKILEDEARHVAELE,IEELLRKILEDEARHVAELEDIEKWL,False,True,0,2,2,5.424329144932773e-08,0.05437287624326202,0.9456270695134465,0,0.9988445319406972,0.0011554680593027435
70,5wlm,0.6153846153846154,4,LRKIIEDDVRHIAELE,IEELLRKIIEDDVRHIAELEDIEKWL,False,False,0,2,2,6.426194692391335e-11,0.02022582306390918,0.9797741768718288,0,0.9999724470848605,2.7552915139474132e-05
71,3pp5,0.746031746031746,3,IEDMSINIQKIVEFLNKFELSTRNKLSDLNEKLTILDRQVDYLEATF,TKTNIQKDWEQREFIEDMSINIQKIVEFLNKFELSTRNKLSDLNEKLTILDRQVDYLEATFKT,False,False,1,1,1,0.04098880317296469,0.8185169086637293,0.14049428816330595,1,0.11761909247344778,0.8823809075265523
72,2ovc,0.8333333333333334,4,EISMMGRVVKVEKQVQSIEHKLDLL,DEISMMGRVVKVEKQVQSIEHKLDLLLGFY,False,False,1,2,2,0.00029572959117959584,0.0222671396457935,0.9774371307630269,1,0.40319624822496414,0.5968037517750359
73,6ovs,0.7575757575757575,3,VEALEKKVEALEYKVQKLEKKVEAL,EVEALEKKVEALEYKVQKLEKKVEALEHGWDGR,False,False,1,1,1,2.753633366652487e-06,0.9973952573426486,0.002601989023984711,1,0.00016977848352757175,0.9998302215164724
74,1coi,0.8620689655172414,3,VEALEKKVAALESKVQALEKKVEAL,EVEALEKKVAALESKVQALEKKVEALEHG,False,False,1,1,1,7.103920270484723e-06,0.9994978447566805,0.0004950513230491717,1,0.00018824009827358434,0.9998117599017263
75,1cos,0.8620689655172414,3,WEALEKKLAALESKLQALEKKLEAL,EWEALEKKLAALESKLQALEKKLEALEHG,False,False,0,1,1,0.045952854227344755,0.8368435287639088,0.11720361700874649,0,0.632500272826849,0.36749972717315105
76,6fue,0.8421052631578947,3,IETLKQELLELKQRYEAQQKALAVLEQRVRQV,DVDIETLKQELLELKQRYEAQQKALAVLEQRVRQVEDQ,False,False,1,1,1,0.03782390734343388,0.9383495725924735,0.02382652006409271,1,0.0036955119631878032,0.9963044880368122
77,1s9z,0.6875,3,IRELEARIREL,SIRELEARIRELELRI,False,False,1,1,1,1.242279782636076e-06,0.8562007497886921,0.1437980079315252,1,1.9696400095359222e-07,0.9999998030359991
78,4nr2,0.6274509803921569,2,LQKRLLALDPMMEQEIEEIRQKYQSKRQPILD,EFLKSWTVEDLQKRLLALDPMMEQEIEEIRQKYQSKRQPILDAIEAK,True,False,0,0,0,0.9477972171062932,0.0005467940626499016,0.051655988831056834,0,0.9989772309329711,0.0010227690670289054
79,4r0r,0.8958333333333334,3,IKKEIEAIKKEQEAIKKKIEAIEKELRQLANETTQALQLFLRA,YGIKKEIEAIKKEQEAIKKKIEAIEKELRQLANETTQALQLFLRATTE,False,False,1,1,1,0.002613386612996098,0.9915397356923379,0.005846877694666068,1,4.461443384216057e-05,0.9999553855661578
80,1pl5,0.76,2,LDEKEKQLAVANEIIRSLSDEVMRNEIRITSLQGDLTFTKKCLENARSQISEKDAKI,SFVDIVLSKAASALDEKEKQLAVANEIIRSLSDEVMRNEIRITSLQGDLTFTKKCLENARSQISEKDAKINKLME,True,False,1,0,0,0.9746830304315608,0.017495519629795595,0.007821449938643556,1,0.002228788513055857,0.997771211486944
81,6l5h,0.9146341463414634,2,VNALTSELRDLRAQREEAAAAHAQEVRRLQEQARDLGKQRDSCLREAEELRTQLRLLEDARDGLRRELLEAQRKL,ESTVNALTSELRDLRAQREEAAAAHAQEVRRLQEQARDLGKQRDSCLREAEELRTQLRLLEDARDGLRRELLEAQRKLRES,False,False,1,0,0,0.9645636532298191,0.03303112211568478,0.0024052246544962316,1,0.17485166969193008,0.8251483303080699
82,2ba2,0.7066358024691358,3,FKEFQTVVMESFAVQNQNIDAQGEQIKELQVEQKAQGKTLQLILEALQGINKRLDNL,TRYVTHKQLDEKLKNFVTKTEFKEFQTVVMESFAVQNQNIDAQGEQIKELQVEQKAQGKTLQLILEALQGINKRLDNLES,True,False,1,1,1,0.03800319773037176,0.6849071232944021,0.2770896789752262,1,7.927846739685939e-06,0.9999920721532604
83,3bat,0.922077922077922,2,MKEQLKQMDKMKEDLAKTERIKKELEEQNVTLLEQKNDLFGSMKQLEDKVEELLSKNYHLENEVARLKKLV,EEEMKEQLKQMDKMKEDLAKTERIKKELEEQNVTLLEQKNDLFGSMKQLEDKVEELLSKNYHLENEVARLKKLVGE,True,False,1,0,0,0.9800026345378295,0.019852266510618267,0.00014509895155209783,1,5.474761265922279e-05,0.9999452523873409
84,3bas,0.9375,2,QEEEMKEQLKQMDKMKEDLAKTERIKKELEEQNVTLLEQKNDLFGSMKQLEDKVEELLSKNYHLENEVARLKKLV,ARQEEEMKEQLKQMDKMKEDLAKTERIKKELEEQNVTLLEQKNDLFGSMKQLEDKVEELLSKNYHLENEVARLKKLVGE,True,False,1,0,0,0.9592131932462996,0.04071660860187585,7.0198151824513e-05,1,0.004542687666081058,0.995457312333919
85,4rfx,0.92,2,LTERNLDLEEKVRELRETVGDLEAMNEMNDELQENARETELELREQLDLAAARVREAEKRVEAAQETVADYQQTIKKYRELTAHLQDVNREL,ETLTERNLDLEEKVRELRETVGDLEAMNEMNDELQENARETELELREQLDLAAARVREAEKRVEAAQETVADYQQTIKKYRELTAHLQDVNRELMSQQ,True,False,1,0,0,0.9409511046058519,0.059045411061663944,3.4843324841023105e-06,1,0.06600080772178536,0.9339991922782147
86,4w7z,0.59375,4,EDQEKLKTELRKTSDALSKAQNDVMEMKMQSERLSK,ECVLEAENKKLVEDQEKLKTELRKTSDALSKAQNDVMEMKMQSERLSKEYDQLLKEHSE,True,True,0,2,2,0.12547208930278853,0.29165156095978617,0.5828763497374252,1,0.47981704174680323,0.5201829582531967
87,6mi3,0.9590163934426228,2,VKELEDKNEELLSEIAHLKNEVARLKKLLQRCLAANQELRDAIRQSNQILRERAEELLHFQASQREEKEFLMSKFQEARKLVERLGLEKLELEDKNEELLSEIAHLKNEVARLKKLV,SWSVKELEDKNEELLSEIAHLKNEVARLKKLLQRCLAANQELRDAIRQSNQILRERAEELLHFQASQREEKEFLMSKFQEARKLVERLGLEKLELEDKNEELLSEIAHLKNEVARLKKLVGE,True,False,1,0,0,0.9919643301497842,0.006221129959972945,0.0018145398902428389,1,0.19817690218060022,0.8018230978193998
88,6q1w,0.7575757575757575,3,VEALEKKVEALEVKVQKLEKKVEAL,EVEALEKKVEALEVKVQKLEKKVEALEHGWDGR,False,False,1,1,1,1.0046077464428056e-05,0.9999769602776732,1.2993644862370731e-05,1,0.00010064736194532742,0.9998993526380546
89,5oiy,0.6153846153846154,4,IEARLESIEEKLSMIL,LSIEARLESIEEKLSMILGLLRTL,True,False,1,2,2,0.058940272426510544,7.957836475540189e-06,0.9410517697370139,1,0.01573812384375539,0.9842618761562447
90,5oi7,0.8409090909090909,2,YDSLQKIVEKQQQKMDQLRSQVQSLEQEVAQEEGTSQALREEAQRRDSALQQLRTAVKELSVQNQDLIEKNLTL,GESWQKRYDSLQKIVEKQQQKMDQLRSQVQSLEQEVAQEEGTSQALREEAQRRDSALQQLRTAVKELSVQNQDLIEKNLTLQEHLRQA,False,False,1,0,0,0.90330379935161,0.09514624176416284,0.0015499588842272382,1,0.08057061898023692,0.919429381019763
91,4qkw,0.8712871287128713,3,LERVSTIIDGVQASQQRMEERQQQLEGSVSAVQSELLKLARDHGATATTVDKLLQKARRVSTHVKEVRSRVEKQNVRVKKVETTQDEL,SALSILSLLERVSTIIDGVQASQQRMEERQQQLEGSVSAVQSELLKLARDHGATATTVDKLLQKARRVSTHVKEVRSRVEKQNVRVKKVETTQDELL,True,False,1,1,1,0.0015877648490841777,0.9868374940835978,0.011574741067318057,1,0.008221268032009177,0.9917787319679908
92,2q6q,0.8548387096774194,2,NKELNFKLREKQNEIFELKKIAETLRSKLEKYVDITKKLEDQNLNLQIKISDL,QQNKELNFKLREKQNEIFELKKIAETLRSKLEKYVDITKKLEDQNLNLQIKISDLEKKLSDA,True,False,1,0,0,0.9786127081508939,0.02136769689543922,1.9594953666961284e-05,1,6.233225047225233e-10,0.9999999993766775
93,3r4a,0.6785714285714286,4,IKQELAAIKKELAAIKWEL,GELAAIKQELAAIKKELAAIKWELAAIK,True,False,1,2,2,0.03140253209852582,0.05815579833430508,0.910441669567169,1,0.23889956930271322,0.7611004306972868
94,4r4l,0.6808510638297872,2,LMLKEERIKELEKRLSEKEEEIQELKRKLHKC,SELEEDFAKILMLKEERIKELEKRLSEKEEEIQELKRKLHKCQSVLP,False,False,1,0,0,0.9921732041377588,0.0006253487887897597,0.007201447073451295,1,0.024461918867572742,0.9755380811324272
95,4r4m,0.6808510638297872,2,LMLKEERIKELEKRLSEKEEEIQELKRKLHKL,SELEEDFAKILMLKEERIKELEKRLSEKEEEIQELKRKLHKLQSVLP,False,False,1,0,0,0.9936767665967862,0.0018458150947598684,0.00447741830845382,1,0.014902853407436823,0.9850971465925632
96,4jnu,0.575,4,REIKQHLKQQQEGLSHLISIIK,SYYIDADLLREIKQHLKQQQEGLSHLISIIKDDLEDIKLV,False,True,0,2,2,0.00037888637932701765,0.030634529638497436,0.9689865839821754,0,0.9929955375193253,0.007004462480674545
97,5h1x,0.6041666666666666,3,NGEKITSLHREVEKVKLDQKRLDQELDFI,NAWDRTLIENGEKITSLHREVEKVKLDQKRLDQELDFILSQQKELED,True,False,1,1,1,0.025940830330109015,0.9739271437100523,0.00013202595983877584,1,0.020330016498328017,0.9796699835016719
98,3a7o,0.6779661016949152,2,LLNTLAILQKELKSKEQEIRRLKEVIALKNKNTERLNDEL,DDALLNTLAILQKELKSKEQEIRRLKEVIALKNKNTERLNDELISGTIENNVLQ,True,False,1,0,0,0.9299506562706348,0.06744036137288861,0.002608982356476525,1,9.882266208924851e-05,0.9999011773379107
99,1x8y,0.8783783783783784,2,KEAKLRDLEDSLARERDTSRRLLAEKEREMAEMRARMQQQLDEYQELLDIKLALDMEIHAYRKLL,LAAKEAKLRDLEDSLARERDTSRRLLAEKEREMAEMRARMQQQLDEYQELLDIKLALDMEIHAYRKLLEGEEER,False,False,1,0,0,0.9952050866924977,0.0034317235686273885,0.0013631897388748776,1,0.048266086234328195,0.9517339137656717
100,6eb9,0.6435643564356436,4,LETLCEESVLMGVINSIKLINLDMRLNHIEEQVKKIINKLESIDRVLAKTNTALSTIEGHLVSMM,DKYIMPSDDFSNTFFPHDTDRLNYHADHLGDYDLETLCEESVLMGVINSIKLINLDMRLNHIEEQVKKIINKLESIDRVLAKTNTALSTIEGHLVSMMIMI,False,False,1,2,2,0.0023516185433088204,0.0025128705715598506,0.9951355108851313,1,0.029085557220523084,0.9709144427794769
101,3tq2,0.9142857142857144,3,VSALKEKVSALKEQFLMLMFKVSALKEKVSAL,KVSALKEKVSALKEQFLMLMFKVSALKEKVSALKE,False,False,1,1,1,0.01229076289115381,0.7873909776131199,0.2003182594957263,1,0.36140126706560827,0.6385987329343916
102,6otn,0.8115942028985508,2,QQQADDAEERAERLQREVEGERRAREQAEAEVASLNRRIQLVEEELDRAQERLAT,RKIQVLQQQADDAEERAERLQREVEGERRAREQAEAEVASLNRRIQLVEEELDRAQERLATAL,True,True,1,0,0,0.9756270717062915,0.024106393445424517,0.0002665348482841452,1,0.41421760308015054,0.5857823969198495
103,2gus,0.8571428571428571,4,FNAKFDQFSNDMNAFRSDFQAFKDDFARFNQRFDNF,FQTFNAKFDQFSNDMNAFRSDFQAFKDDFARFNQRFDNFATK,False,False,1,2,2,0.0011898183493476186,0.15271667708500775,0.8460935045656445,1,0.03176051031248654,0.9682394896875135
104,5kkv,0.8125,3,IEDKIEEILSKIYHIENEIARIKKLI,GMKQIEDKIEEILSKIYHIENEIARIKKLIGE,False,False,1,1,1,0.0004991707235107023,0.9827386248148027,0.0167622044616866,1,0.022265449830955263,0.9777345501690448
105,5to5,0.8085106382978723,2,LEKFLADQQSEIDGLKGRHEKFKVESEQQYMEIEKRLSHSQERLVNETRECQSLRLELEKLNNQLKALTEKNKELEIAQDRNIAIQSQMTRTKEELEAEKRDLIRTNERLSQEL,AVLQQVLERTELNKLPKSVQNKLEKFLADQQSEIDGLKGRHEKFKVESEQQYMEIEKRLSHSQERLVNETRECQSLRLELEKLNNQLKALTEKNKELEIAQDRNIAIQSQMTRTKEELEAEKRDLIRTNERLSQELEYLT,True,False,1,0,0,0.9972304242472034,3.9607835477234015e-05,0.002729967917319229,1,0.07457721015929493,0.9254227898407053
106,6aoz,0.8648648648648649,2,YNDLQVEYGKAQLQMKELMKKFKEIQAQNFSLINENQSLKKNISALIKTARVEINRKDEEISNL,ATYNDLQVEYGKAQLQMKELMKKFKEIQAQNFSLINENQSLKKNISALIKTARVEINRKDEEISNLHL,True,False,1,0,0,0.9675104988670997,8.112739128847041e-05,0.032408373741611735,1,0.08306919475286516,0.9169308052471348
107,3vmx,0.75,2,ILRLKQINIQLATKIQHLEFSCSEKEQEIERLNKLL,GSERQILRLKQINIQLATKIQHLEFSCSEKEQEIERLNKLLKQNGLLG,False,False,1,0,0,0.9836584379691317,0.014002882103793685,0.0023386799270746885,1,0.00033203681734876865,0.9996679631826512
108,4l0n,0.6274509803921569,2,LQMRLKALDPMMEREIEELRQRYTAKRQPILD,SMDFDFLKNLSLEELQMRLKALDPMMEREIEELRQRYTAKRQPILDAMDAK,False,False,0,0,0,0.9422060019406675,2.44821939314767e-06,0.05779154983993925,0,0.9986089269079494,0.0013910730920506358
109,4n21,0.6097560975609756,3,FQGNMKQIEDKIEEILSKIYHIENEIARIKKLIGAIASKIIKTANYTTNALFLLNKEESEIRDHVVEHELALNYL,ENLYFQGNMKQIEDKIEEILSKIYHIENEIARIKKLIGAIASKIIKTANYTTNALFLLNKEESEIRDHVVEHELALNYLLAHQGGLCNVVKGPMCSSDIDDFSKNVSDMIDKVHEEMKKFYHE,True,False,1,1,1,0.04858674618131266,0.9362580707161255,0.015155183102561896,1,0.1807470488365724,0.8192529511634277
110,1nyh,0.8421052631578947,2,LSKAASALDEKEKQLAVANEIIRSLSDEVMRNEIRITSLQGDLTFTKKCLENARSQISEKDAKI,LSFVDIVLSKAASALDEKEKQLAVANEIIRSLSDEVMRNEIRITSLQGDLTFTKKCLENARSQISEKDAKINKLME,False,False,1,0,0,0.9739146755452355,0.0030575101215387927,0.023027814333225635,1,0.001660777221954901,0.9983392227780451
111,2qdq,0.7352941176470589,2,IIAAQEEMLRKERELEEARKKLAQI,GIAQIIAAQEEMLRKERELEEARKKLAQIRQQQ,True,False,0,0,0,0.8766209603116227,0.12337488821109628,4.151477281053745e-06,0,0.9536713241005186,0.046328675899481295
112,1kql,0.7090909090909091,2,VEELLSKNYHLENEVARLKKLVDDLEDELYAQKLKYKAI,MDKVEELLSKNYHLENEVARLKKLVDDLEDELYAQKLKYKAISEELDHALNDMT,True,False,1,0,0,0.9711056395441492,0.005496248897425214,0.02339811155842546,1,0.17323829417814945,0.8267617058218505
113,2qih,0.9705882352941176,3,RIATAELGIAENKKDAQIAKAQANENKDGIAKNQADIQLHDKKITNLGILHSMVARAVGNNTQGVATNKADIAKNQADIANNIKNIYELAQQQDQHSSDIKTLAKVSAANTDRIAKNKAEADASFETLTKNQ,NTDRIATAELGIAENKKDAQIAKAQANENKDGIAKNQADIQLHDKKITNLGILHSMVARAVGNNTQGVATNKADIAKNQADIANNIKNIYELAQQQDQHSSDIKTLAKVSAANTDRIAKNKAEADASFETLTKNQK,False,False,1,1,1,0.016031636355256153,0.9839123103737185,5.6053271025391576e-05,1,0.0014460668548884835,0.9985539331451114
114,4jzl,0.8548387096774194,2,EVKLEEENRSLKADLQKLKDELASTKQKLEKAENQVLAMRKQSEGLTKEYDRL,AEVKLEEENRSLKADLQKLKDELASTKQKLEKAENQVLAMRKQSEGLTKEYDRLLEEHAKL,True,False,1,0,0,0.9399696378208542,0.056084790001442494,0.003945572177703212,1,0.12203535200512935,0.8779646479948706
115,5y2h,0.8478260869565217,4,IEKQMDRVVKEMRRQLEMIDKLTTREIEQVELLKRIHDK,DEIEKQMDRVVKEMRRQLEMIDKLTTREIEQVELLKRIHDKLVVQ,True,False,0,2,2,0.017545081901328856,0.034623611002910545,0.9478313070957606,1,0.3281833950726494,0.6718166049273507
116,5y2e,0.8636363636363636,4,EKQMDRVVKEMRRQLEMIDKLTTRGIEQVELLKRIHD,MIEKQMDRVVKEMRRQLEMIDKLTTRGIEQVELLKRIHDKLMIR,True,True,0,2,2,0.04463926669253721,0.06948312582460867,0.885877607482854,0,0.6541789921998156,0.34582100780018443
117,6wko,0.5777777777777777,3,IQILKSSINIAIEKLNDRISHDEQAIRDLTLEIENARSEALLGELGIIRALL,NDIQILKSSINIAIEKLNDRISHDEQAIRDLTLEIENARSEALLGELGIIRALLVGNISIGLQESLWELASEITNRAGDLAVEVSPGSWI,False,False,1,1,1,0.22207410706099867,0.40548246655113607,0.3724434263878652,1,0.028189840526698727,0.9718101594733012
118,7o39,0.5098039215686274,2,VANFLEQLSTEIERLKEDKKQLEKVI,FTPNEIKNKEFSRVKNGLEPTEVANFLEQLSTEIERLKEDKKQLEKVIEER,False,False,1,0,0,0.6279947783202664,0.018600467091929522,0.353404754587804,1,0.3102242985123677,0.6897757014876322
119,3u59,0.89,2,IKKKMQMLKLDKENAIDRAEQAEADKKQAEDRCKQLEEEQQGLQKKLKGTEDEVEKYSESVKEAQEKLEQAEKKATDAEAEVASLNRRI,ASMEAIKKKMQMLKLDKENAIDRAEQAEADKKQAEDRCKQLEEEQQGLQKKLKGTEDEVEKYSESVKEAQEKLEQAEKKATDAEAEVASLNRRIQLVEEE,True,False,1,0,0,0.9920250526253179,0.007888713276285396,8.623409839666674e-05,1,0.0008489511489300882,0.9991510488510699
120,4u5t,0.7837837837837838,2,LEIRAAFLEKENTALRTEVAELRKEVGRC,DPDLEIRAAFLEKENTALRTEVAELRKEVGRCKNIVS,False,False,1,0,0,0.6048437568673857,0.03893264292844428,0.35622360020417,1,0.04383887559746906,0.956161124402531
121,2xzr,0.9537037037037036,3,IEDKIEEILSKIYHIENEIARIKKLIGAIDGRVTRNTQSIEKNSKAIAANTRTLQQHSARLDSQQRQINENHKEMKQIEDKIEEILSKIYHIENEIARIKKLI,KQIEDKIEEILSKIYHIENEIARIKKLIGAIDGRVTRNTQSIEKNSKAIAANTRTLQQHSARLDSQQRQINENHKEMKQIEDKIEEILSKIYHIENEIARIKKLIKLH,False,False,1,1,1,0.12577146135794376,0.873603700722794,0.0006248379192621385,1,3.9607397717800195e-06,0.9999960392602283
122,3v86,0.925925925925926,3,VYQLKDEVGELKGEVRALKDEVKDL,YVYQLKDEVGELKGEVRALKDEVKDLK,False,False,1,1,1,3.975631988467077e-05,0.9858443630161879,0.014115880663927365,1,2.1937231453605933e-08,0.9999999780627686
123,1d7m,0.9801980198019802,2,MANRLAGLENSLESEKVSREQLIKQKDQLNSLLASLESEGAEREKRLRELEAKLDETLKNLELEKLARMELEARLAKTEKDRAILELKLAEAIDEKSKL,EMANRLAGLENSLESEKVSREQLIKQKDQLNSLLASLESEGAEREKRLRELEAKLDETLKNLELEKLARMELEARLAKTEKDRAILELKLAEAIDEKSKLE,False,False,1,0,0,0.9285385585701335,0.07146124793978187,1.934900847401552e-07,1,1.4346657195574153e-11,0.9999999999856535
124,5ajs,0.7936507936507936,2,LLRKLNEQRDILALMEVKMKEMKGSIRHLRLTEAKLREELREKDRLLAMA,TEEELLRKLNEQRDILALMEVKMKEMKGSIRHLRLTEAKLREELREKDRLLAMAVIRKKH,True,False,1,0,0,0.9995902255670457,0.0003371563567337838,7.26180762205199e-05,1,0.0002498045705277008,0.9997501954294723
125,6v5i,0.7575757575757575,3,VEALEKKVAALELKVQALEKKVEAL,EVEALEKKVAALELKVQALEKKVEALEHGWDGR,False,False,1,1,1,1.6968458239772175e-05,0.9999519688628773,3.106267888295441e-05,1,0.00789199863417458,0.9921080013658254
126,6v5g,0.7575757575757575,3,VEALEKKVAALELKVQKLEKKVEAL,EVEALEKKVAALELKVQKLEKKVEALEHGWDGR,False,False,1,1,1,7.163224372403838e-05,0.9996731119451774,0.0002552558110985834,1,0.002219600599367588,0.9977803994006325
127,6v5j,0.7575757575757575,3,VEALEKKVEALELKVQALEKKVEAL,EVEALEKKVEALELKVQALEKKVEALEHGWDGR,False,False,1,1,1,2.3797423285024713e-05,0.9998719029776119,0.00010429959910313058,1,0.005671904591368149,0.9943280954086319
128,6v50,0.8064516129032256,3,VEALEAKVEALESKVQKLEKKVEAL,EVEALEAKVEALESKVQKLEKKVEALEHGWD,False,False,1,1,1,5.72298918558594e-07,0.9984547153703509,0.001544712330730524,1,0.022042437161441518,0.9779575628385585
129,4bwd,0.819672131147541,2,ELEEKTRLINQVMELQHTLEDLSARVDAVKEENLKLKSENQVLGQYIENL,AENQVELEEKTRLINQVMELQHTLEDLSARVDAVKEENLKLKSENQVLGQYIENLMSAS,True,False,1,0,0,0.7987675667644347,0.1997087473347382,0.0015236859008270554,1,0.1705770979025091,0.8294229020974908
130,1gk4,0.8607594936708861,2,LKGTNESLERQMREMEENFAVEAANYQDTIGRLQDEIQNMKEEMARHLREYQDLLNVKMALDIEIATY,CEVDALKGTNESLERQMREMEENFAVEAANYQDTIGRLQDEIQNMKEEMARHLREYQDLLNVKMALDIEIATYRKLLEG,False,False,1,0,0,0.9829432754565767,0.007783682878610879,0.0092730416648124,1,0.0015804238955212878,0.9984195761044787
131,1gk6,0.8545454545454545,2,LEDKVEELLSKNYHLENEVARLKKLVGDLLNVKMALDIEIATYRKLL,MKQLEDKVEELLSKNYHLENEVARLKKLVGDLLNVKMALDIEIATYRKLLEG,True,False,1,0,0,0.9574267766252479,0.03650041792784044,0.006072805446911564,1,0.04898962004934963,0.9510103799506503
132,2x6p,0.8620689655172414,3,WEALEKKLAALESKLQACEKKLEAL,EWEALEKKLAALESKLQACEKKLEALEHG,False,False,1,1,1,0.19466463293119302,0.7758062874439159,0.029529079624891142,1,0.029304023753880793,0.9706959762461193
133,1unu,0.8387096774193549,4,IEDKSEEILSKLYHIENELARIKKLL,MKQIEDKSEEILSKLYHIENELARIKKLLGE,False,False,1,2,2,0.02427157161176964,0.04211722166706806,0.9336112067211623,1,0.01584129608670608,0.984158703913294
134,1unw,0.7419354838709677,4,IEDKLEEILSKLYHIENEGARIK,RMKQIEDKLEEILSKLYHIENEGARIKKLLG,False,False,1,2,2,0.006315428586828348,0.11181908215905063,0.8818654892541209,1,0.13875186317875102,0.8612481368212489
135,1unz,0.7857142857142857,4,IEDKLEEILSKLYHIENELARS,KQIEDKLEEILSKLYHIENELARSKKLL,False,False,1,2,2,0.08911645907779742,1.2138774724125148e-05,0.9108714021474784,1,0.2648663476934801,0.7351336523065198
136,1unv,0.72,4,TEEILSKLYHIENELARI,KTEEILSKLYHIENELARIKKLL,True,False,1,2,2,0.058063788929617076,0.00031205002555409494,0.9416241610448288,1,2.2118156488781794e-06,0.9999977881843511
137,1unx,0.7096774193548387,4,IEDKLEEILSKLYHIENESARI,RMKQIEDKLEEILSKLYHIENESARIKKLLG,True,False,1,2,2,0.011147263922381493,0.1352474505618822,0.8536052855157363,1,0.31572220162637904,0.684277798373621
138,1unt,0.65625,4,EDKAEEILSKLYHIENELARI,RMKQIEDKAEEILSKLYHIENELARIKKLLGE,True,False,1,2,2,0.05342681718162216,0.01704117698630369,0.9295320058320742,1,0.18383531234154588,0.8161646876584541
139,6o2f,0.935483870967742,2,MKQLEDKVEELLSKNYNLENEVARLKKLV,RMKQLEDKVEELLSKNYNLENEVARLKKLVG,False,False,1,0,0,0.9661021467811363,0.02469007457611431,0.009207778642749465,1,0.031619536386744154,0.9683804636132558
140,2pnv,0.8461538461538461,3,MYDMISDLNERSEDFEKRIVTLETKLETLIGSI,NIMYDMISDLNERSEDFEKRIVTLETKLETLIGSIHALP,False,False,1,1,1,0.0011595015185904682,0.7962499187949257,0.2025905796864837,1,0.04110244352156174,0.9588975564784382
141,1rb6,0.78125,3,MKQLEDKVEELLSKAYHLENEVARL,RMKQLEDKVEELLSKAYHLENEVARLKKLVG,True,False,0,1,0,0.6254896172907264,0.31264723934937166,0.061863143359901826,0,0.7994143487066208,0.20058565129337924
142,6v4y,0.8333333333333334,3,VEALEAKVEALEYKVQKLEKKVEAL,EVEALEAKVEALEYKVQKLEKKVEALEHGW,False,False,1,1,1,1.6250049939652069e-06,0.9860571856301206,0.013941189364885267,1,0.00014364125327355205,0.9998563587467263
143,6d42,0.8461538461538461,4,LYDLQQNLSSSHRALEKQIDTLAGKLDALTELL,ILYDLQQNLSSSHRALEKQIDTLAGKLDALTELLSTAL,False,False,1,2,2,0.15320630122403547,0.0027750740505102112,0.8440186247254543,1,0.07490030719778021,0.9250996928022197
144,2z5i,0.8775510204081632,2,LLSKNYHLENEVARLKKLVDDLEDELYAQKLKYKAISEELDHA,GELLSKNYHLENEVARLKKLVDDLEDELYAQKLKYKAISEELDHALNDM,False,False,1,0,0,0.9731710803257254,0.0015591703600779383,0.025269749314196576,1,0.3356443477783827,0.6643556522216173
145,4dzk,0.8620689655172414,3,IAAIKQEIAANKKEIAAIKWEIAAI,GEIAAIKQEIAANKKEIAAIKWEIAAIKQ,False,False,1,1,1,0.0003306794915897091,0.9971404717547259,0.00252884875368455,1,0.02186953243826655,0.9781304675617333
146,1ic2,0.8860759493670886,2,KKKMQMLKLDKENALDRAEQAEADKKAAEERSKQLEDELVALQKKLKGTEDELDKYSESLKDAQEKLEL,MDAIKKKMQMLKLDKENALDRAEQAEADKKAAEERSKQLEDELVALQKKLKGTEDELDKYSESLKDAQEKLELADKK,True,True,1,0,0,0.9919088881726216,9.65560791395157e-06,0.00808145621946452,1,0.09274921048464949,0.9072507895153505
147,3ni0,0.7473684210526316,2,CRNTTHLLQRQLTRTQDSLLQAETQANSCNLTVVTLQESLEKKVSQALEQQARIKELENEVTKLNQELENL,CRDGLRAQAECRNTTHLLQRQLTRTQDSLLQAETQANSCNLTVVTLQESLEKKVSQALEQQARIKELENEVTKLNQELENLRIQKET,True,False,1,0,0,0.995834902305198,0.0005525382427270954,0.0036125594520749734,1,0.13223904249451637,0.8677609575054837
148,3ljm,0.8620689655172414,3,WEALEKKCAALESKLQALEKKLEAL,EWEALEKKCAALESKLQALEKKLEALEHG,False,False,1,1,1,0.17280982938051342,0.8253073177113036,0.00188285290818298,1,0.00920010853818758,0.9907998914618125
149,1nkn,0.918918918918919,2,QLKQMDKMKEDLAKTERIKKELEEQNVTLLEQKNDLFGSMKQLEDKVEELLSKNYHLENEVARLKKLV,MKEQLKQMDKMKEDLAKTERIKKELEEQNVTLLEQKNDLFGSMKQLEDKVEELLSKNYHLENEVARLKKLVGE,True,False,1,0,0,0.9938842878830929,0.0006640577720872619,0.005451654344819685,1,0.0004811778727089377,0.9995188221272912
150,6zpm,0.6893203883495146,2,YEKLVKECRRLEEELEQKTHEASDASQRVRQLERETTRLMRRVEQLVSAVEGQKQKLDETEAKHKLELAEI,SSLQRYEKLVKECRRLEEELEQKTHEASDASQRVRQLERETTRLMRRVEQLVSAVEGQKQKLDETEAKHKLELAEIENRHELEIQSKMSSHEEALRRLMD,True,False,1,0,0,0.8393087134282101,0.16068925768328116,2.028888508824316e-06,1,6.438096278316152e-10,0.9999999993561903
151,3qh9,0.9242424242424242,2,KQRKAEELLQELRHLKIKVEELENERNQYEWKLKATKAEVAQLQEQVALKDAEIERLHSQL,QEEKQRKAEELLQELRHLKIKVEELENERNQYEWKLKATKAEVAQLQEQVALKDAEIERLHSQLSR,False,False,1,0,0,0.9814366818702777,0.018561300724072388,2.017405649802671e-06,1,0.0011693829301339998,0.998830617069866
152,6q25,0.7575757575757575,3,VEALEKKVEALELKVQKLEKKVEAL,EVEALEKKVEALELKVQKLEKKVEALEHGWDGR,False,False,1,1,1,0.00020230344733701203,0.9997523072419687,4.5389310694280635e-05,1,0.00020019981561387735,0.9997998001843861
153,2zta,0.935483870967742,2,MKQLEDKVEELLSKNYHLENEVARLKKLV,RMKQLEDKVEELLSKNYHLENEVARLKKLVG,False,False,1,0,0,0.9460656530329039,0.03953300374995865,0.014401343217137342,1,0.055355819092737166,0.9446441809072628
154,3g9r,0.7857142857142857,3,WASLWNWFNITNWLWYIKIEELKSKIKRIENEI,DKWASLWNWFNITNWLWYIKIEELKSKIKRIENEIKRIKK,True,False,1,1,1,0.26825952202766207,0.7271011823250346,0.00463929564730331,0,0.5659879072374008,0.4340120927625993
155,6vzf,0.6976744186046512,2,VDDLLHQLQLLKEENNRKSMQISEMGKKISDLEVEKTAYRETLTNLNQELARLTNEEQSH,NNHQIQELESNVDDLLHQLQLLKEENNRKSMQISEMGKKISDLEVEKTAYRETLTNLNQELARLTNEEQSHRTEIFTLNASFKKQL,False,False,1,0,0,0.8391875172006582,0.08207908419849788,0.078733398600844,1,2.4406738219351354e-06,0.9999975593261781
156,6yf5,0.5617977528089888,2,LQELNDRLAVYIDRVRSLETENAGLRLRITESEEVVDFYFGKLRNIELIC,TRITRLQEKEDLQELNDRLAVYIDRVRSLETENAGLRLRITESEEVVDFYFGKLRNIELICQENEGENDPVLQRIVDILYATD,True,False,1,0,0,0.8101927820251278,0.1891579402193899,0.0006492777554823857,1,1.2493114096479018e-05,0.9999875068859035
157,5i4z,0.527027027027027,2,LKKATAYILSVQAETQKLISEIDLLRKQNEQLKHKLEQL,RRNELKRSFFALRDQIPELENNEKAPKVVILKKATAYILSVQAETQKLISEIDLLRKQNEQLKHKLEQLRNSCA,False,False,1,0,0,0.9907872517296381,0.008443305556152846,0.0007694427142090623,1,0.040966230794169965,0.9590337692058301
158,3g1e,0.6756756756756757,2,NDRFANLIDKVRFLEQQNKILLAE,NEKVELQELNDRFANLIDKVRFLEQQNKILLAELEQL,False,True,1,0,0,0.8412872750466415,0.07227430870467938,0.08643841624867918,1,0.34893130411367307,0.651068695886327
159,5hhe,0.935483870967742,2,SEQLQMELKELALEEERLIQELEDVEKNRKIVAENLEKVQAEAERLDQEEAQYQREYSEFKRQQLELDDELKSVENQMRYAQTQLDK,DDSEQLQMELKELALEEERLIQELEDVEKNRKIVAENLEKVQAEAERLDQEEAQYQREYSEFKRQQLELDDELKSVENQMRYAQTQLDKLKLE,False,False,0,0,0,0.9696117222322738,0.023051829531163723,0.007336448236562665,0,0.7969552583116335,0.20304474168836656
160,6xy0,0.8666666666666667,4,IQQELKAIQQELKAIQWELKAIQQEL,GAIQQELKAIQQELKAIQWELKAIQQELKG,False,False,1,2,2,6.222219570173009e-05,0.0029630780350833963,0.9969746997692148,1,0.0014285077883880114,0.998571492211612
161,6xy1,0.7333333333333333,4,IQKQLKEIQKQLKEIQWQLKEI,GEIQKQLKEIQKQLKEIQWQLKEIQKQLKG,False,False,1,2,2,4.522556563998572e-05,0.08330173799515836,0.9166530364392017,1,0.00040829823387154016,0.9995917017661287
162,4xyp,0.6142857142857143,3,LNGIIDQINKVNLLLEGEIEAVRRIAYMNQASSLQNQVEIGLI,VKEKLNGIIDQINKVNLLLEGEIEAVRRIAYMNQASSLQNQVEIGLIGEYLNISSWLETKTLTKTEEGLM,False,False,1,1,1,0.0011152436285293732,0.9793287125678518,0.019556043803618976,1,1.0505179754893845e-05,0.9999894948202451
163,1p9i,0.896551724137931,2,LNALLASLEAENKQLKAKVEELLAKV,QLNALLASLEAENKQLKAKVEELLAKVGE,False,False,1,0,0,0.916876207758533,0.08274687579798606,0.00037691644348107444,1,2.7455421065325504e-05,0.9999725445789347
164,1t6f,0.8648648648648649,2,LYEALKENEKLHKEIEQKDNEIARLKKENKEL,TLYEALKENEKLHKEIEQKDNEIARLKKENKELAEVA,False,False,1,0,0,0.858620714161485,0.14133206924224645,4.721659626859685e-05,1,0.3317448339430346,0.6682551660569654
165,3efg,0.8431372549019608,3,LEARLVELETRLSFQEQALTELSEALADARLTGARNAELIRHL,RDQELEARLVELETRLSFQEQALTELSEALADARLTGARNAELIRHLLEDL,False,False,1,1,1,0.017026091312641337,0.8066873754159095,0.17628653327144905,1,0.06907642481470862,0.9309235751852913
166,2efr,0.9548387096774194,2,LEDKVEELLSKNYHLENEVARLKKLLERAEERAELSEGKSAELEEELKTVTNNLKSLEAQAEKYSQKEDKYEEEIKVLSDKLKEAETRAEFAERSVTKLEKSIDDLEDELYAQKLKYKAISEEMKQLEDKVEELLSKNYHLENEVARL,MKQLEDKVEELLSKNYHLENEVARLKKLLERAEERAELSEGKSAELEEELKTVTNNLKSLEAQAEKYSQKEDKYEEEIKVLSDKLKEAETRAEFAERSVTKLEKSIDDLEDELYAQKLKYKAISEEMKQLEDKVEELLSKNYHLENEVARLKKL,True,False,1,0,0,0.9986821344078252,0.00026867150619792966,0.0010491940859769352,1,0.199076419118762,0.8009235808812379
167,3u91,0.7333333333333333,3,LQLTVWGIKQLQARILAVERYL,QHLLQLTVWGIKQLQARILAVERYLKDQQL,False,False,1,1,0,0.5677981532520401,0.39472195747721733,0.03747988927074247,1,0.19170560183082047,0.8082943981691795
168,1u9g,0.6818181818181818,4,ILSKLYHIENELARI,EEILSKLYHIENELARIKKLL,False,False,1,2,2,0.06714285698077424,1.3961313839307531e-05,0.9328431817053865,1,0.13649297677510325,0.8635070232248967
169,3hfe,0.7037037037037037,3,IGARLNRVEDKVTQLDQRL,NTIGARLNRVEDKVTQLDQRLALITD,True,False,1,1,1,0.003683187326260936,0.8911098708885656,0.10520694178517327,1,2.5728018801451923e-05,0.9999742719811986
170,4c1a,0.6944444444444444,2,LELELEEVESQIRALVVRRSRLRER,GPAMEALELELEEVESQIRALVVRRSRLRERLLAV,True,False,0,0,0,0.9148185160171305,0.05755484278841414,0.027626641194455338,1,0.21052087811695436,0.7894791218830457
171,5aps,0.9047619047619048,3,VEELLSKVYHLENEVARLKKLIENKKADMKQLEDKVEELLSKVYHLENEVARLKKLV,EDKVEELLSKVYHLENEVARLKKLIENKKADMKQLEDKVEELLSKVYHLENEVARLKKLVGER,False,False,1,1,1,0.014851917355602248,0.9448929148483742,0.04025516779602346,1,0.006693305406027261,0.9933066945939727
172,3swy,0.8695652173913043,3,LEEKVEQLGSSLDTLQTRFARLLAEYNATQMKMKQRLSQL,GALEEKVEQLGSSLDTLQTRFARLLAEYNATQMKMKQRLSQLESQV,False,False,1,1,1,0.13299001581460373,0.8605391121812656,0.0064708720041307104,1,0.1902595283898895,0.8097404716101104
173,1ce0,0.8285714285714286,3,LLQRIKQQEDKLEETLSKIYHLENEIARV,RLLQRIKQQEDKLEETLSKIYHLENEIARVKKLLG,True,False,1,1,1,0.10928965812857157,0.6720776971215743,0.21863264474985425,1,0.37084037797618385,0.6291596220238161
174,3m48,0.5666666666666667,2,EELLSKNWNLENEVAR,AQLEAKVEELLSKNWNLENEVARLKKLVGE,False,True,1,0,0,0.9832135286293291,0.016332218926794637,0.0004542524438762717,1,0.03778355558841138,0.9622164444115887
175,3lbw,0.8636363636363636,4,LVVAASIIAILHLILWILD,PLVVAASIIAILHLILWILDRL,False,False,1,2,2,0.24334193178664684,0.0010113416166318918,0.7556467265967213,0,0.5881700780489048,0.4118299219510952
176,5omd,0.8360655737704918,2,ASMLRDKINFLNIEREKEKNIQAVKVNELQVKHLQELAKLKQELQKLEDEK,PGEASMLRDKINFLNIEREKEKNIQAVKVNELQVKHLQELAKLKQELQKLEDEKKFLQMEA,False,False,1,0,0,0.81418614821285,0.18578591172933775,2.7940057812329305e-05,1,5.178291307363914e-05,0.9999482170869264
177,3m9h,0.7441860465116279,4,LEARIDSLAARNSKLMETLKEARQQLLALREE,SARDIHQLEARIDSLAARNSKLMETLKEARQQLLALREEVDRL,False,False,0,2,2,0.018585404725267967,0.07058984900696695,0.9108247462677651,0,0.937730380524405,0.062269619475594826
178,5m97,0.6,2,QQQITSLETQLYEVNETMFGLERERDFYFNKLREIEIL,QAQQQITSLETQLYEVNETMFGLERERDFYFNKLREIEILVQTHLTTSPMSMENMLERIQAILYS,True,True,1,0,0,0.9705792739843302,0.011416921720440246,0.01800380429522943,1,0.005801236418109368,0.9941987635818907
179,1uo5,0.7741935483870968,4,EDKAEEILSKLYHIENELARIKKL,MKQIEDKAEEILSKLYHIENELARIKKLLGE,False,False,1,2,2,0.19001922248714231,0.000991941407498598,0.8089888361053591,1,0.3142093642490628,0.6857906357509371
180,1uo1,0.8064516129032258,4,IEDKLEEILSKLYHIENELARTKKL,RMKQIEDKLEEILSKLYHIENELARTKKLLG,False,False,1,2,2,0.02689635834912263,0.03468108409455385,0.9384225575563235,1,0.17692556365210305,0.8230744363478969
182,1uo0,0.7096774193548387,4,IEDKLEEILSKLYHIENELARA,RMKQIEDKLEEILSKLYHIENELARAKKLLG,False,False,1,2,2,0.053870363141489755,0.0031135862115503677,0.9430160506469599,0,0.6322766543739886,0.3677233456260112
183,1uo4,0.5806451612903226,4,ILSKLYHIENELARIKKL,MKQIEDKGEEILSKLYHIENELARIKKLLGE,False,False,1,2,2,0.0460165817275429,0.02687501499051386,0.9271084032819432,1,0.01645211600136136,0.9835478839986387
184,6egp,0.8888888888888888,3,WEALEKKLAAAESKCQALEKKLQALEKKLEAL,EWEALEKKLAAAESKCQALEKKLQALEKKLEALEHG,False,False,1,1,1,0.05095928971951698,0.9484265293056529,0.0006141809748301122,1,0.00988054220672554,0.9901194577932746
185,2oqq,0.8571428571428571,2,LSELENRVKDLENKNSELEERLSTLQNENQMLRHIL,GSAYLSELENRVKDLENKNSELEERLSTLQNENQMLRHILKN,False,False,1,0,0,0.6541459297444422,0.34358697571065006,0.0022670945449076545,1,0.04051056120401804,0.9594894387959819
186,2cce,0.8333333333333334,4,IEDKLEEILSKLYHISNELARIKKL,MKQIEDKLEEILSKLYHISNELARIKKLLGE,False,False,1,2,2,0.09203231768295919,0.0003701320651956822,0.9075975502518452,0,0.5729777095158044,0.42702229048419565
187,2ccf,0.7741935483870968,4,IEDKLEEILSKLYHISNELARIKK,RMKQIEDKLEEILSKLYHISNELARIKKLLG,True,False,0,2,2,0.053443014521173796,0.005964756446026992,0.9405922290327993,0,0.8881847765450811,0.11181522345491901
188,2ccn,0.75,4,IEDKLEEILSKLYHICNELARIKK,MKQIEDKLEEILSKLYHICNELARIKKLLGER,True,False,0,2,2,0.03147185987874231,0.0001042575996737682,0.9684238825215837,0,0.9388898149480285,0.06111018505197149
189,3vyi,0.782608695652174,3,ILRIKQNINQIATKIQHIEFSISEIEQEIERINKLI,SERQILRIKQNINQIATKIQHIEFSISEIEQEIERINKLIKQNGLL,True,False,1,1,1,0.005292226283276089,0.9912931025979189,0.0034146711188049067,1,7.7210942628958e-05,0.999922789057371
190,6wcu,0.8666666666666667,2,TEKLIRMKDEELRRMQEMLQRMKQQM,ETEKLIRMKDEELRRMQEMLQRMKQQMQDQ,False,False,1,0,0,0.9340999009272288,0.0016490694334045143,0.06425102963936664,1,0.45719335856414,0.54280664143586
191,6xxz,0.8666666666666667,4,IKQQLAEIKQQLAEIKWQLAEIKQQL,GEIKQQLAEIKQQLAEIKWQLAEIKQQLAG,False,False,1,2,2,0.14575721227868557,0.00042364930549131097,0.8538191384158231,1,0.009454623872245738,0.9905453761277542
192,3tyy,0.8666666666666667,2,CLERIQELEDLLAKEKDNSRRMLTDKEREMAEIRDQMQQQLNDYEQLLDVKLALDMEISAYRKLL,ESRACLERIQELEDLLAKEKDNSRRMLTDKEREMAEIRDQMQQQLNDYEQLLDVKLALDMEISAYRKLLEG,True,False,1,0,0,0.9728995378357324,0.006556308582415439,0.020544153581852253,1,0.07637363637954639,0.9236263636204537
193,5lhw,0.6666666666666666,2,QDRQLRLLQAQIQRLLEA,GSLTEQDRQLRLLQAQIQRLLEAQSLM,False,False,0,0,0,0.9168479948935137,0.0006257958061970152,0.08252620930028928,1,0.3438618099883411,0.656138190011659
194,1qx8,0.8297872340425532,4,ALNMARFIRSQTLTLLEKLNELADICESLHDHADELYRS,EKTALNMARFIRSQTLTLLEKLNELADICESLHDHADELYRSCLARF,True,False,0,2,2,0.10483504344693499,0.00588391542321834,0.8892810411298466,0,0.9371915074672387,0.06280849253276136
195,2xg7,0.8292682926829268,2,FQDVEAQAATCNHTVMALMASLDAEKAQGQKKVEELEGEITTLNHKLQDASAEVERLRRENQVLSVRI,AQKGFQDVEAQAATCNHTVMALMASLDAEKAQGQKKVEELEGEITTLNHKLQDASAEVERLRRENQVLSVRIADK,True,False,1,0,0,0.946847278571109,0.007388074616848289,0.04576464681204285,1,0.10616651107825728,0.8938334889217426
196,1t3j,0.5967741935483871,2,QKHLEEEIARLSKEIDQLEKMQNNSKLLRNKAVQLES,ATTFARLCQQVDMTQKHLEEEIARLSKEIDQLEKMQNNSKLLRNKAVQLESELENFSKQFLH,False,False,0,0,0,0.9554068613315028,0.033506248823747406,0.011086889844749663,0,0.7895542032629355,0.21044579673706462
197,6owd,0.925925925925926,2,IARLQRQIRALQRQNARLQRQIRAL,QIARLQRQIRALQRQNARLQRQIRALQW,False,False,1,0,0,0.8642280358175476,0.1353086900012133,0.0004632741812391556,1,3.279899255459462e-06,0.9999967201007445
198,4owi,0.7575757575757576,2,MKQLEDKVGELLFSNYWLELEVARL,GSMRMKQLEDKVGELLFSNYWLELEVARLKKLV,False,False,1,0,0,0.6214557188162837,0.005321170202106131,0.3732231109816101,1,0.04485091665882923,0.9551490833411707
199,2b22,0.8620689655172413,4,LEDVVEELLSVNYHLENVVARLKKL,VKQLEDVVEELLSVNYHLENVVARLKKLV,False,False,0,2,2,0.1354374241109364,0.005433360686966121,0.8591292152020975,0,0.9343290076368594,0.06567099236314057
200,4gdo,0.5952380952380952,2,VEAALEKQRQLAEAHAQAKAQAERE,HMRAEERERLAEVEAALEKQRQLAEAHAQAKAQAEREAKEL,True,False,0,0,0,0.9356548770331505,0.06347261649161215,0.0008725064752373269,0,0.9785906882882113,0.021409311711788788
201,3i00,0.8947368421052632,2,KDHLIERLYREISGLKAQLENMKTESQRVVLQLKGHVSELEADLAEQQHLRQQAADDCEFLRAELDEL,KDEKDHLIERLYREISGLKAQLENMKTESQRVVLQLKGHVSELEADLAEQQHLRQQAADDCEFLRAELDELRRQRE,True,False,1,0,0,0.9741271287255232,0.01916484759588303,0.006708023678593714,1,0.28699033737718366,0.7130096626228164
202,6ign,0.7154471544715447,2,LASTRRDQDNMQAELNRLQAENDASKEEVKEVLQALEELAVNYDQKSQEVEDKTKEYELLSDELNQKSATLASIDAELQKLKEMTNHQ,QLVEKLKTQMLDQEELLASTRRDQDNMQAELNRLQAENDASKEEVKEVLQALEELAVNYDQKSQEVEDKTKEYELLSDELNQKSATLASIDAELQKLKEMTNHQKKRAAEMMASLLKDLAEIG,False,False,0,0,0,0.9967515331939095,0.0027240760782717877,0.0005243907278186247,0,0.7466147097521609,0.25338529024783896
203,6igv,0.7796610169491526,2,LASTRRDQDNMQAELNRLQAENDASKEEVKEVLQALEELAVNYDQKSQEVEDKTKEYELLSDELNQKSATLASIDAELQKLKEMTNHQKKRA,VEKLKTQMLDQEELLASTRRDQDNMQAELNRLQAENDASKEEVKEVLQALEELAVNYDQKSQEVEDKTKEYELLSDELNQKSATLASIDAELQKLKEMTNHQKKRAAEMMASLLKDLA,False,False,0,0,0,0.9985424087002401,0.0008253353106719024,0.0006322559890879851,0,0.5836009108931928,0.4163990891068072
204,6yjd,0.6538461538461539,2,LRVNYGSCVSEYNDLTKSLARERDTSRRLLAEKEREMAEMRARMQQQLDEYQELLDIKLALDMEIHAY,MPLKPEEHEDILNKLLDPELAQSERTEALQQLRVNYGSCVSEYNDLTKSLARERDTSRRLLAEKEREMAEMRARMQQQLDEYQELLDIKLALDMEIHAYRKLLE,False,False,1,0,0,0.9856575381846951,8.095414411270836e-06,0.014334366400893547,1,0.0020326979382580433,0.9979673020617419
205,2xdj,0.9242424242424242,3,VEDRVTQLERISNAHSQLLTQLQQQLSDNQSDIDSLRGQIQENQYQLNQVVERQKQILLQI,SVEDRVTQLERISNAHSQLLTQLQQQLSDNQSDIDSLRGQIQENQYQLNQVVERQKQILLQIDSLS,True,False,1,1,1,0.011331846604192005,0.8321128345178656,0.15655531887794233,1,0.44543050985663973,0.5545694901433602
206,1mof,0.5471698113207547,3,LREVEKSISNLEKSLTSLSEVVLQNRRGL,DLREVEKSISNLEKSLTSLSEVVLQNRRGLDLLFLKEGGLCAALKEECAFYAD,False,False,1,1,1,0.196486696879564,0.7999099995256638,0.0036033035947722726,1,0.22176527611483704,0.778234723885163
207,3vn0,0.75,2,ILRLKQINIQLATKIQHLEFSSSEKEQEIERLNKLL,GSERQILRLKQINIQLATKIQHLEFSSSEKEQEIERLNKLLKQNGLLG,True,False,1,0,0,0.7373022337023111,0.2618347796325841,0.0008629866651048281,1,0.0002336897606632915,0.9997663102393366
208,7bgf,0.8928571428571429,2,VQGLQVKVTKLKQERILDAQRLEEFFTKNQQLREQQKVLHETIKVLEDRLRAGLADRAAVTEEHMRKKQQEFENIRQQNLKLITELMNERNTLQEENKKL,HDREVQGLQVKVTKLKQERILDAQRLEEFFTKNQQLREQQKVLHETIKVLEDRLRAGLADRAAVTEEHMRKKQQEFENIRQQNLKLITELMNERNTLQEENKKLSEQL,True,False,1,0,0,0.993392607991432,0.004600514191179862,0.0020068778173881526,1,0.1309164330395122,0.8690835669604878
209,1uii,0.7704918032786885,2,WKEVAEKRRKALYEALKENEKLHKEIEQKDNEIARLKKENKELAEVA,ENPSSQYWKEVAEKRRKALYEALKENEKLHKEIEQKDNEIARLKKENKELAEVAEHVQYMA,False,False,1,0,0,0.7018019805321306,0.28673322075387275,0.011464798713996662,1,0.3289285493375379,0.6710714506624622
210,3uia,0.8113207547169812,3,LSGIVQQQNNLLRAIEAQQHLLQLTVWGLKQIQARILAVERYL,QARQLLSGIVQQQNNLLRAIEAQQHLLQLTVWGLKQIQARILAVERYLKDQQ,True,False,1,1,1,0.06292187916057233,0.9351394500664698,0.0019386707729578546,1,0.0035575407334599296,0.9964424592665401
211,5jvm,0.573170731707317,2,KDTLLREFQEEIARLKAQLEKKGMLVEDLEKERDFYFGKLRNIELIC,LSNEDPKDTLLREFQEEIARLKAQLEKKGMLVEDLEKERDFYFGKLRNIELICQENEGENDPVLQRIVDILYATDEGFV,True,False,1,0,0,0.9942826614469349,0.004799857673264149,0.0009174808798008966,1,0.007633117768357156,0.9923668822316429
212,4h7r,0.8064516129032258,4,IKAIAQEIKAIAKEIKAIAWEIKAI,GEIKAIAQEIKAIAKEIKAIAWEIKAIAQGY,False,False,1,2,2,5.6645865671983904e-08,0.22166279664756935,0.778337146706565,1,0.2660619938588439,0.7339380061411562
213,3h7z,0.6229508196721312,3,LKTANSYTDVTVSNSTKKAIRESNQYTDHKFHQLDNRL,HTLKTANSYTDVTVSNSTKKAIRESNQYTDHKFHQLDNRLDKLDTRLLKLLASSAALNSLL,False,False,1,1,1,1.4648545588842402e-06,0.9755260789118179,0.024472456233623284,1,0.06417048266820029,0.9358295173317996
214,6nv1,0.8260869565217391,4,LAVAASIIGILHLILWILD,DPLAVAASIIGILHLILWILDRL,False,False,1,2,2,0.16869706842062254,0.0013477302782805174,0.8299552013010969,1,0.3945970695948057,0.6054029304051942
215,5d60,0.9272727272727272,4,QIAALSESLQATQQQLQALQQQCYELEKTNRLLVSEVMTLQKMVKAQNQAS,SQQQIAALSESLQATQQQLQALQQQCYELEKTNRLLVSEVMTLQKMVKAQNQASN,True,False,1,2,2,0.24807926628993435,0.02217299641934555,0.72974773729072,1,0.007115197318683153,0.9928848026813168
216,2o1k,0.8372093023255814,4,MDRVVKEMRRQLEMIDKLTTREIEQVELLKRIYDKL,IEKQMDRVVKEMRRQLEMIDKLTTREIEQVELLKRIYDKLTVQ,False,False,1,2,2,0.10077492276876798,0.004400000742377152,0.8948250764888549,1,0.00891792774381035,0.9910820722561896
217,2o1j,0.6590909090909091,4,MRRQLEMIDKLTTREIEQVELLKRIYDKL,IETQMDRVVKEMRRQLEMIDKLTTREIEQVELLKRIYDKLTVR,True,False,1,2,2,0.01313114601531543,0.4410641531885622,0.5458047007961224,1,0.03507450071172587,0.9649254992882742
218,6qp4,0.6560509554140127,3,LHALATVVAQNKADIKDLDDEVGLLGEEINSLEGEIFNNQDAIAKNQADIKTLESNVEEGLLDLSGRLLDQKADIDNNINNIYELAQQQDQHSSDIKTLKNNV,TGNGTVSVGKKGKERQIVHVGAGEISDTSTDAVNGSQLHALATVVAQNKADIKDLDDEVGLLGEEINSLEGEIFNNQDAIAKNQADIKTLESNVEEGLLDLSGRLLDQKADIDNNINNIYELAQQQDQHSSDIKTLKNNVEEGLLDLSGRLIDL,True,False,1,1,1,0.0018720959574725679,0.9265764575952449,0.07155144644728254,1,0.12127471666713172,0.8787252833328683
219,5k7b,0.9310344827586208,2,LRAELRDLELEEARLVQELEDVDRNNARAAADLQAAQAEAAELDQQERQHYRDYSALKRQQLELLDQLGNVENQLQYARVQ,AALRAELRDLELEEARLVQELEDVDRNNARAAADLQAAQAEAAELDQQERQHYRDYSALKRQQLELLDQLGNVENQLQYARVQRDRL,True,False,0,0,0,0.9960992877178754,0.0007811849616684049,0.0031195273204561733,0,0.8663110704447389,0.13368892955526118
220,3k7z,0.5806451612903226,3,LEDKVEELLSKAYHLENE,KQLEDKVEELLSKAYHLENEVARLKKLVG,True,False,0,1,1,0.29343823991343726,0.5555921623433042,0.1509695977432586,0,0.9875649458826216,0.012435054117378419
221,1piq,0.8064516129032256,3,MKQIEDKIEEILSKQYHIENEIARI,RMKQIEDKIEEILSKQYHIENEIARIKKLIG,False,False,1,1,1,0.048890265310678416,0.8207665034258307,0.13034323126349082,1,0.14761071825418243,0.8523892817458176
222,6wsm,0.5675675675675675,2,VKETELELKEKERELHEKFEHLKRVHQEEKRKVEEKRRELEE,SELQRKEEEMRQMFVNKVKETELELKEKERELHEKFEHLKRVHQEEKRKVEEKRRELEEETNAFNRRKAAVEAL,False,False,0,0,0,0.956843548836208,0.04306282781198477,9.362335180718144e-05,0,0.8522741295256218,0.14772587047437818
223,1eq7,0.8214285714285715,3,IDQLSSDVQTLNAKVDQLSNDVNAMRSDVQAAKDDAARANQRLDNM,SSNAKIDQLSSDVQTLNAKVDQLSNDVNAMRSDVQAAKDDAARANQRLDNMATKYR,False,False,1,1,1,0.010705523977437128,0.9146806110673904,0.07461386495517265,1,0.3398504586536532,0.6601495413463467
224,1zvb,0.6470588235294118,3,LSSNFGAISSVLNDILSRLDKV,LNTLVKQLSSNFGAISSVLNDILSRLDKVEAEV,True,False,1,1,1,9.919035263306045e-05,0.8462745507828426,0.15362625886452438,1,0.4641849175614737,0.5358150824385264
225,2q5u,0.7333333333333333,3,IEDKIEEIESKQKKIENEIARIKKLLQLTVWGI,RMKQIEDKIEEIESKQKKIENEIARIKKLLQLTVWGIKQLQARIL,False,False,1,1,1,0.023975219434544247,0.9736181506356729,0.0024066299297827985,1,0.0032275494727482144,0.9967724505272517
226,6q5q,0.71875,4,LEAIAQKLEAIAKKLEAIAWKLE,GKLEAIAQKLEAIAKKLEAIAWKLEAIAQGAG,False,False,0,2,2,0.0008970266518869353,0.001964966683357897,0.9971380066647552,0,0.7981996241651108,0.2018003758348892
227,6q5s,0.8,4,LEALAQELEALAKKLKALAWKLKA,GELEALAQELEALAKKLKALAWKLKALAQG,False,False,0,2,2,0.007714541345221282,0.07930244484054526,0.9129830138142335,0,0.8723694429177724,0.1276305570822275
228,6q5o,0.8,4,LKALAQELKALAKELKALAWELKA,GELKALAQELKALAKELKALAWELKALAKG,False,False,0,2,2,0.011713540714632186,0.022779512306367187,0.9655069469790007,0,0.8270015622688944,0.1729984377311056
229,6mcd,0.8888888888888888,3,WEALEKKLAACESKAQALEKKLQALEKKLEAL,EWEALEKKLAACESKAQALEKKLQALEKKLEALEHG,False,False,1,1,1,0.20713588932118218,0.7927761376905291,8.797298828878646e-05,1,0.001725850481324498,0.9982741495186754
230,3u1c,0.8613861386138614,2,MQMLKLDKENALDRAEQAEADKKAAEERSKQLEDDIVQLEKQLRVTEDSRDQVLEELHKSEDSLLFAEENAAKAESEVASLNRRIQL,AGHMDAIKKKMQMLKLDKENALDRAEQAEADKKAAEERSKQLEDDIVQLEKQLRVTEDSRDQVLEELHKSEDSLLFAEENAAKAESEVASLNRRIQLVEEE,False,False,0,0,0,0.9913629678070915,0.0003161181673939196,0.0083209140255146,0,0.5339891855893331,0.4660108144106669
231,3u1a,0.8536585365853658,2,KKKMQMLKLDKENALDRAEQAEADKKAAEERSKQLEDDIVQLEKQLRVTEDSRDQVLEELHKSEDSLLF,HMDAIKKKMQMLKLDKENALDRAEQAEADKKAAEERSKQLEDDIVQLEKQLRVTEDSRDQVLEELHKSEDSLLFAEENAAKA,True,True,1,0,0,0.9172277309427402,5.479465873400919e-05,0.08271747439852581,1,0.18998419001809813,0.8100158099819019
232,5fcn,0.7222222222222222,2,REHSDQHVKELKTSLKKCARETADLKFLNNQYAHKLKLL,GSNNELYLELMKLREHSDQHVKELKTSLKKCARETADLKFLNNQYAHKLKLLE,True,False,1,0,0,0.8976890044085236,0.08126862454969289,0.021042371041783615,1,0.305310131623168,0.694689868376832
233,1ybk,0.7115384615384616,4,ADDIVYRLTVIIDDRYESLKNLITLRADRLEMIINDN,INETADDIVYRLTVIIDDRYESLKNLITLRADRLEMIINDNVSTILASI,True,False,1,2,2,0.0038191742558880285,0.056681594902185696,0.9394992308419262,1,0.0022042718175532714,0.9977957281824468
234,3twe,0.6538461538461539,4,YKELEDLQERLRKLRK,NADELYKELEDLQERLRKLRKKLRS,True,True,0,2,2,0.03551547059807524,9.701012973260109e-07,0.9644835593006273,0,0.6093894837597179,0.39061051624028204
235,5d5y,0.84,4,AALSESLQATQQQLQALQQQCYELEKTNRLLVSEVMTLQKM,SQQQIAALSESLQATQQQLQALQQQCYELEKTNRLLVSEVMTLQKMVKAQ,False,True,1,2,2,0.11410717950531461,0.003756571762269438,0.882136248732416,1,0.007142308687904442,0.9928576913120957
237,3m06,0.5806451612903226,3,LLQRCESLEKKTATFENIVCVLNREVERVAMTAEAC,ELLQRCESLEKKTATFENIVCVLNREVERVAMTAEACSRQHRLDQDKIEALSSKVQQLERSI,False,False,1,1,1,0.018447677117051097,0.9755636771364701,0.005988645746478818,1,0.1351416438962125,0.8648583561037876
238,4zqa,0.6046511627906976,2,YQKRMKKLDQQYRERIRNAELFLQLETEQVERNYIKEKKAAVKEFEDKKVEL,SNAGTLQEYQKRMKKLDQQYRERIRNAELFLQLETEQVERNYIKEKKAAVKEFEDKKVELKENLIAELEEKKKMIENEKLTMELTG,False,False,0,0,0,0.9877476385356031,0.012234451928129098,1.79095362678209e-05,0,0.8706711895849718,0.1293288104150282
239,4njl,0.5813953488372093,3,QQVLSENQKLIANKFNQALGAMQTGFTTTNEAFQKVQDAVNNNAQALSKLASELSNTFGAISASIGDIIQRLDVL,ITQQVLSENQKLIANKFNQALGAMQTGFTTTNEAFQKVQDAVNNNAQALSKLASELSNTFGAISASIGDIIQRLDVLEQSGGRGGSIPNFGSLTQINTTLLDLTYEMLSLQQVVKALNESYIDLKELGN,False,False,1,1,1,0.18892933962647393,0.80453080846945,0.006539851904075887,1,0.018293865227338245,0.9817061347726618
240,4nj0,0.8620689655172413,2,MKQLEDKIEELLSKNYHLENEVARL,RMKQLEDKIEELLSKNYHLENEVARLKKLV,True,False,1,0,0,0.8942445091394449,0.009487813731599879,0.09626767712895527,1,0.2735343561623485,0.7264656438376516
241,4nj2,0.8787878787878788,2,MKQLEDKIEELLSKNYHLENEIARLKKLI,RMKQLEDKIEELLSKNYHLENEIARLKKLIGER,False,False,1,0,0,0.9097397673118127,0.01349940493559702,0.07676082775259024,1,0.20723418626471485,0.7927658137352852
242,4nj1,0.8064516129032258,2,MKQLEDKIEELLSKNYHLENEIARL,RMKQLEDKIEELLSKNYHLENEIARLKKLVG,True,False,1,0,0,0.939753715743732,0.00520055182028787,0.05504573243598025,1,0.15494683590586855,0.8450531640941314
243,5kb1,0.8888888888888888,3,WEALEKKLAALESKCQALEKKLQALEKKHEAL,EWEALEKKLAALESKCQALEKKLQALEKKHEALEHG,False,False,1,1,1,0.009051752254187018,0.9881370419622092,0.0028112057836037355,1,0.0005806796434856265,0.9994193203565143
244,4h22,0.8765432098765432,2,YKKAMVSNAQLDNEKTNFMYQVDTLKDMLLELEEQLAESRRQYEEKNKEFEREKHAHSILQFQFAEVKEAL,EEKYKKAMVSNAQLDNEKTNFMYQVDTLKDMLLELEEQLAESRRQYEEKNKEFEREKHAHSILQFQFAEVKEALKQREEML,True,False,1,0,0,0.9979895131599417,0.00024519661544975544,0.0017652902246084537,1,0.06428173644421034,0.9357182635557898
245,1kyc,0.8000000000000002,3,LRRRIEELERRI,EELRRRIEELERRIR,False,False,1,1,1,1.5738627185997139e-06,0.71310695041998,0.28689147571730145,1,0.13333236212235905,0.866667637877641
246,2zfc,0.9090909090909092,3,LVQQQNNILRALEATQHAVQALVWGVKQLQARVLALERYI,VSGLVQQQNNILRALEATQHAVQALVWGVKQLQARVLALERYIK,False,False,1,1,1,0.010096245727054098,0.872688059398709,0.11721569487423689,1,0.35124553779190804,0.648754462208092
247,5djn,0.8311688311688312,2,IRELREEVEKLREQLSQAEAMKAELKEKLEESEKLIKELTVTWEEKLRKTEAIAQERQRQLESM,PNAKVIRELREEVEKLREQLSQAEAMKAELKEKLEESEKLIKELTVTWEEKLRKTEAIAQERQRQLESMGISLETSG,True,False,1,0,0,0.7098936277421233,0.29009547596002067,1.089629785610853e-05,1,0.001382939260666749,0.9986170607393333
